<preset>

<settings>
<intro></intro>
<comments>0</comments>
<requiredentries>0</requiredentries>
<requiredentriestoview>0</requiredentriestoview>
<maxentries>0</maxentries>
<rssarticles>0</rssarticles>
<approval>0</approval>
<manageapproved>1</manageapproved>
<defaultsortdir>0</defaultsortdir>
<defaultsort>0</defaultsort>
</settings>

<field>
<type>text</type>
<name>Name</name>
<required>1</required>
</field>

<field>
<type>text</type>
<name>Mo-1</name>
<required>0</required>
</field>

<field>
<type>text</type>
<name>Mo-2</name>
<required>0</required>
</field>

<field>
<type>text</type>
<name>Mo-3</name>
<required>0</required>
</field>

<field>
<type>text</type>
<name>Mo-4</name>
<required>0</required>
</field>

<field>
<type>text</type>
<name>Mo-5</name>
<required>0</required>
</field>

<field>
<type>text</type>
<name>Mo-6</name>
<required>0</required>
</field>

<field>
<type>text</type>
<name>Mo-7</name>
<required>0</required>
</field>

<field>
<type>text</type>
<name>Mo-8</name>
<required>0</required>
</field>

<field>
<type>text</type>
<name>Mo-9</name>
<required>0</required>
</field>

<field>
<type>text</type>
<name>Mo-10</name>
<required>0</required>
</field>

<field>
<type>text</type>
<name>Mo-11</name>
<required>0</required>
</field>

<field>
<type>text</type>
<name>Mo-12</name>
<required>0</required>
</field>

<field>
<type>text</type>
<name>Mo-13</name>
<required>0</required>
</field>

<field>
<type>text</type>
<name>Mo-14</name>
<required>0</required>
</field>

<field>
<type>text</type>
<name>Mo-15</name>
<required>0</required>
</field>

<field>
<type>text</type>
<name>Mo-16</name>
<required>0</required>
</field>

<field>
<type>text</type>
<name>Mo-17</name>
<required>0</required>
</field>

<field>
<type>text</type>
<name>Di-1</name>
<required>0</required>
</field>

<field>
<type>text</type>
<name>Di-2</name>
<required>0</required>
</field>

<field>
<type>text</type>
<name>Di-3</name>
<required>0</required>
</field>

<field>
<type>text</type>
<name>Di-4</name>
<required>0</required>
</field>

<field>
<type>text</type>
<name>Di-5</name>
<required>0</required>
</field>

<field>
<type>text</type>
<name>Di-6</name>
<required>0</required>
</field>

<field>
<type>text</type>
<name>Di-7</name>
<required>0</required>
</field>

<field>
<type>text</type>
<name>Di-8</name>
<required>0</required>
</field>

<field>
<type>text</type>
<name>Di-9</name>
<required>0</required>
</field>

<field>
<type>text</type>
<name>Di-10</name>
<required>0</required>
</field>

<field>
<type>text</type>
<name>Di-11</name>
<required>0</required>
</field>

<field>
<type>text</type>
<name>Di-12</name>
<required>0</required>
</field>

<field>
<type>text</type>
<name>Di-13</name>
<required>0</required>
</field>

<field>
<type>text</type>
<name>Di-14</name>
<required>0</required>
</field>

<field>
<type>text</type>
<name>Di-15</name>
<required>0</required>
</field>

<field>
<type>text</type>
<name>Di-16</name>
<required>0</required>
</field>

<field>
<type>text</type>
<name>Di-17</name>
<required>0</required>
</field>

<field>
<type>text</type>
<name>Mi-1</name>
<required>0</required>
</field>

<field>
<type>text</type>
<name>Mi-2</name>
<required>0</required>
</field>

<field>
<type>text</type>
<name>Mi-3</name>
<required>0</required>
</field>

<field>
<type>text</type>
<name>Mi-4</name>
<required>0</required>
</field>

<field>
<type>text</type>
<name>Mi-5</name>
<required>0</required>
</field>

<field>
<type>text</type>
<name>Mi-6</name>
<required>0</required>
</field>

<field>
<type>text</type>
<name>Mi-7</name>
<required>0</required>
</field>

<field>
<type>text</type>
<name>Mi-8</name>
<required>0</required>
</field>

<field>
<type>text</type>
<name>Mi-9</name>
<required>0</required>
</field>

<field>
<type>text</type>
<name>Mi-10</name>
<required>0</required>
</field>

<field>
<type>text</type>
<name>Mi-11</name>
<required>0</required>
</field>

<field>
<type>text</type>
<name>Mi-12</name>
<required>0</required>
</field>

<field>
<type>text</type>
<name>Mi-13</name>
<required>0</required>
</field>

<field>
<type>text</type>
<name>Mi-14</name>
<required>0</required>
</field>

<field>
<type>text</type>
<name>Mi-15</name>
<required>0</required>
</field>

<field>
<type>text</type>
<name>Mi-16</name>
<required>0</required>
</field>

<field>
<type>text</type>
<name>Mi-17</name>
<required>0</required>
</field>

<field>
<type>text</type>
<name>Do-1</name>
<required>0</required>
</field>

<field>
<type>text</type>
<name>Do-2</name>
<required>0</required>
</field>

<field>
<type>text</type>
<name>Do-3</name>
<required>0</required>
</field>

<field>
<type>text</type>
<name>Do-4</name>
<required>0</required>
</field>

<field>
<type>text</type>
<name>Do-5</name>
<required>0</required>
</field>

<field>
<type>text</type>
<name>Do-6</name>
<required>0</required>
</field>

<field>
<type>text</type>
<name>Do-7</name>
<required>0</required>
</field>

<field>
<type>text</type>
<name>Do-8</name>
<required>0</required>
</field>

<field>
<type>text</type>
<name>Do-9</name>
<required>0</required>
</field>

<field>
<type>text</type>
<name>Do-10</name>
<required>0</required>
</field>

<field>
<type>text</type>
<name>Do-11</name>
<required>0</required>
</field>

<field>
<type>text</type>
<name>Do-12</name>
<required>0</required>
</field>

<field>
<type>text</type>
<name>Do-13</name>
<required>0</required>
</field>

<field>
<type>text</type>
<name>Do-14</name>
<required>0</required>
</field>

<field>
<type>text</type>
<name>Do-15</name>
<required>0</required>
</field>

<field>
<type>text</type>
<name>Do-16</name>
<required>0</required>
</field>

<field>
<type>text</type>
<name>Do-17</name>
<required>0</required>
</field>

<field>
<type>text</type>
<name>Fr-1</name>
<required>0</required>
</field>

<field>
<type>text</type>
<name>Fr-2</name>
<required>0</required>
</field>

<field>
<type>text</type>
<name>Fr-3</name>
<required>0</required>
</field>

<field>
<type>text</type>
<name>Fr-4</name>
<required>0</required>
</field>

<field>
<type>text</type>
<name>Fr-5</name>
<required>0</required>
</field>

<field>
<type>text</type>
<name>Fr-6</name>
<required>0</required>
</field>

<field>
<type>text</type>
<name>Fr-7</name>
<required>0</required>
</field>

<field>
<type>text</type>
<name>Fr-8</name>
<required>0</required>
</field>

<field>
<type>text</type>
<name>Fr-9</name>
<required>0</required>
</field>

<field>
<type>text</type>
<name>Fr-10</name>
<required>0</required>
</field>

<field>
<type>text</type>
<name>Fr-11</name>
<required>0</required>
</field>

<field>
<type>text</type>
<name>Fr-12</name>
<required>0</required>
</field>

<field>
<type>text</type>
<name>Fr-13</name>
<required>0</required>
</field>

<field>
<type>text</type>
<name>Fr-14</name>
<required>0</required>
</field>

<field>
<type>text</type>
<name>Fr-15</name>
<required>0</required>
</field>

<field>
<type>text</type>
<name>Fr-16</name>
<required>0</required>
</field>

<field>
<type>text</type>
<name>Fr-17</name>
<required>0</required>
</field>

<field>
<type>text</type>
<name>Sa-1</name>
<required>0</required>
</field>

<field>
<type>text</type>
<name>Sa-2</name>
<required>0</required>
</field>

<field>
<type>text</type>
<name>Sa-3</name>
<required>0</required>
</field>

<field>
<type>text</type>
<name>Sa-4</name>
<required>0</required>
</field>

<field>
<type>text</type>
<name>Sa-5</name>
<required>0</required>
</field>

<field>
<type>text</type>
<name>Sa-6</name>
<required>0</required>
</field>

<field>
<type>text</type>
<name>Sa-7</name>
<required>0</required>
</field>

<field>
<type>text</type>
<name>Sa-8</name>
<required>0</required>
</field>

<field>
<type>text</type>
<name>Sa-9</name>
<required>0</required>
</field>

<field>
<type>text</type>
<name>Sa-10</name>
<required>0</required>
</field>

<field>
<type>text</type>
<name>Sa-11</name>
<required>0</required>
</field>

<field>
<type>text</type>
<name>Sa-12</name>
<required>0</required>
</field>

<field>
<type>text</type>
<name>Sa-13</name>
<required>0</required>
</field>

<field>
<type>text</type>
<name>Sa-14</name>
<required>0</required>
</field>

<field>
<type>text</type>
<name>Sa-15</name>
<required>0</required>
</field>

<field>
<type>text</type>
<name>Sa-16</name>
<required>0</required>
</field>

<field>
<type>text</type>
<name>Sa-17</name>
<required>0</required>
</field>

<field>
<type>text</type>
<name>So-1</name>
<required>0</required>
</field>

<field>
<type>text</type>
<name>So-2</name>
<required>0</required>
</field>

<field>
<type>text</type>
<name>So-3</name>
<required>0</required>
</field>

<field>
<type>text</type>
<name>So-4</name>
<required>0</required>
</field>

<field>
<type>text</type>
<name>So-5</name>
<required>0</required>
</field>

<field>
<type>text</type>
<name>So-6</name>
<required>0</required>
</field>

<field>
<type>text</type>
<name>So-7</name>
<required>0</required>
</field>

<field>
<type>text</type>
<name>So-8</name>
<required>0</required>
</field>

<field>
<type>text</type>
<name>So-9</name>
<required>0</required>
</field>

<field>
<type>text</type>
<name>So-10</name>
<required>0</required>
</field>

<field>
<type>text</type>
<name>So-11</name>
<required>0</required>
</field>

<field>
<type>text</type>
<name>So-12</name>
<required>0</required>
</field>

<field>
<type>text</type>
<name>So-13</name>
<required>0</required>
</field>

<field>
<type>text</type>
<name>So-14</name>
<required>0</required>
</field>

<field>
<type>text</type>
<name>So-15</name>
<required>0</required>
</field>

<field>
<type>text</type>
<name>So-16</name>
<required>0</required>
</field>

<field>
<type>text</type>
<name>So-17</name>
<required>0</required>
</field>

<field>
<type>text</type>
<name>Anmerkung</name>
<required>0</required>
</field>

</preset>