<preset>

    <settings>
        <intro>&lt;p dir=&quot;ltr&quot; style=&quot;text-align: left;&quot;&gt;Eine Liste geeigneter iPad-Apps für die Schule inkl. aller Apps, die sich auf den iPads der iPad-Koffer befinden. Hier können App-Wünsche abgegeben werden.&lt;/p&gt;
&lt;a class=&quot;btn btn-info active shadow-sm mb-2 collapsed&quot; data-toggle=&quot;collapse&quot; href=&quot;#collapseAnleitung&quot; role=&quot;button&quot; aria-expanded=&quot;false&quot; aria-pressed=&quot;true&quot; aria-controls=&quot;collapseAnleitung&quot;&gt;
    Anleitung
&lt;/a&gt;
&lt;div class=&quot;collapse&quot; id=&quot;collapseAnleitung&quot; style=&quot;&quot;&gt;
    &lt;div class=&quot;card card-body shadow&quot;&gt;
        &lt;h4&gt;1. Listenansicht&lt;/h4&gt;
        &lt;p dir=&quot;ltr&quot; style=&quot;text-align: left;&quot;&gt;Dies ist eine Übersicht aller Einträge. Standardmäßig werden in der Listenansicht 10 Einträge pro Seite angezeigt. Hier kann &quot;Einträge pro Seite: 1000&quot; &amp;gt; &quot;Einstellungen speichern&quot; ausgewählt werden, um alle Apps auf einer Seite zu sehen. Mit einem Klick auf die erste Spalte oder auf das kleine Plus-Icon, werden weitere Informationen zu einer App angezeigt.&lt;/p&gt;
        &lt;ul&gt;
            &lt;li&gt;&lt;strong&gt;Empfehlung:&lt;/strong&gt; Apps, die für die Schule/den Unterricht sinnvoll sein könnten, aber aktuell noch nicht installiert sind.&lt;/li&gt;
            &lt;li&gt;&lt;strong&gt;Bitte installieren:&lt;/strong&gt; Diese App wurde von jemandem hinzugefügt, mit dem Wunsch sie auf den iPads zu installieren&lt;/li&gt;
            &lt;li&gt;&lt;strong&gt;Installiert:&lt;/strong&gt; Diese App befindet sich auf allen Schüler:innen iPads in den iPad-Koffern&lt;/li&gt;
            &lt;li&gt;&lt;strong&gt;Bitte deinstallieren:&lt;/strong&gt; Diese App soll wieder deinstalliert werden (z.B. weil sie getestet wurde und nicht mehr geeignet erscheint)&lt;/li&gt;
            &lt;li&gt;&lt;strong&gt;Deinstalliert:&lt;/strong&gt; Diese App war bereits installiert und wurde begründet deinstalliert (siehe Kommentare für den Grund)&lt;/li&gt;
        &lt;/ul&gt;
        &lt;h4&gt;2. Suche oder Erweiterte Suche&lt;/h4&gt;
        &lt;p dir=&quot;ltr&quot; style=&quot;text-align: left;&quot;&gt;Es gibt in dieser Datenbank mehrere Möglichkeiten, die Einträge zu durchsuchen. Auf der Listenansicht gibt es oben eine einfache Suche, die alle Felder durchsucht, sowie ein Kontrollkästchen zur erweiterten Suche, mit der sich bestimmte Felder durchsuchen lassen. Unter dem Reiter &quot;Suche&quot; findet man die erweiterte Suche erneut.&lt;/p&gt;
        &lt;h4&gt;3. Eintrag hinzufügen&lt;/h4&gt;
        &lt;p dir=&quot;ltr&quot; style=&quot;text-align: left;&quot;&gt;Hier können Apps als Empfehlung oder Installations-Wunsch hinzugefügt werden. Dabei sollte mindestens ein Name und ein Link zum &lt;a href=&quot;https://www.apple.com/de/app-store/&quot; target=&quot;_blank&quot;&gt;App-Store&lt;/a&gt; angegeben werden. Dafür empfiehlt sich eine Google Suche mit dem Suchbegriff &lt;em&gt;&quot;[Name der App] app store&quot;&lt;/em&gt; Wenn eine App deinstalliert werden soll, zu der es schon einen Eintrag gibt, dann kann einfach ein neuer Eintrag mit dem Status &quot;Bitte deinstallieren&quot; erstellt werden. Der Link zum App-Store wird dann nicht benötigt.&lt;/p&gt;
    &lt;/div&gt;
&lt;/div&gt;</intro>
        <comments>1</comments>
        <requiredentries>0</requiredentries>
        <requiredentriestoview>0</requiredentriestoview>
        <maxentries>0</maxentries>
        <rssarticles>0</rssarticles>
        <approval>1</approval>
        <manageapproved>0</manageapproved>
        <defaultsortdir>0</defaultsortdir>
        <defaultsort>0</defaultsort>
    </settings>

    <field>
        <type>text</type>
        <name>Name</name>
        <description>Name</description>
        <required>1</required>
    </field>

    <field>
        <type>textarea</type>
        <name>Beschreibung</name>
        <description>Beschreibung</description>
        <required>0</required>
        <param2>50</param2>
        <param3>10</param3>
        <param4>1</param4>
        <param5>0</param5>
    </field>

    <field>
        <type>menu</type>
        <name>Status</name>
        <description>Status</description>
        <required>1</required>
        <param1>Empfehlung
Bitte installieren
Installiert
Bitte deinstallieren
Deinstalliert (siehe Kommentar)</param1>
    </field>

    <field>
        <type>text</type>
        <name>Link</name>
        <description>Link</description>
        <required>1</required>
    </field>

    <field>
        <type>text</type>
        <name>Ordner</name>
        <description>Ordner</description>
        <required>1</required>
    </field>

    <field>
        <type>textarea</type>
        <name>Kommentar</name>
        <description>Kommentar</description>
        <required>0</required>
        <param2>50</param2>
        <param3>10</param3>
        <param4>1</param4>
        <param5>0</param5>
    </field>

    <field>
        <type>checkbox</type>
        <name>Fächer</name>
        <description>Fächer</description>
        <required>0</required>
        <param1>Arbeitslehre
Biologie
Chemie
Deutsch
Deutsch als Zweitsprache
Englisch
Erdkunde
Ethik
Französisch
Geschichte
Informationstechnische Grundbildung (PC)
Informatik
Klassenlehrer- bzw. Tutorenstunde
Kunst
Latein
Mathematik
Musik
Naturwissenschaften
Physik
Philosophie
Politik und Wirtschaft
Religion
Spanisch
Sport</param1>
    </field>

</preset>