<?xml version="1.0"?>
<preset>

<description/>

<settings>
<intro/>
<comments>0</comments>
<requiredentries>0</requiredentries>
<requiredentriestoview>0</requiredentriestoview>
<maxentries>0</maxentries>
<rssarticles>0</rssarticles>
<approval>0</approval>
<manageapproved>1</manageapproved>
<defaultsortdir>0</defaultsortdir>
<defaultsort>0</defaultsort>
</settings>

<field>
<type>menu</type>
<name>iPad-Aufbewahrung</name>
<required>1</required>
<param1>iPad-Koffer 1
iPad-Koffer 2
iPad-Koffer 3
iPad-Wagen 1
iPad-Wagen 2
iPad-Wagen 3
Allgemein</param1>
</field>

<field>
<type>text</type>
<name>iPad-Nummer(n)</name>
<required>0</required>
</field>

<field>
<type>menu</type>
<name>Status</name>
<required>0</required>
<param1>Offen
Bearbeitung
Erledigt</param1>
</field>

<field>
<type>text</type>
<name>R&#xFC;ckmeldung</name>
<required>0</required>
</field>

<field>
<type>textarea</type>
<name>Beschreibung</name>
<required>1</required>
<param2>60</param2>
<param3>10</param3>
<param4>1</param4>
<param5>0</param5>
</field>

</preset>
