<preset>

<settings>
<intro></intro>
<comments>1</comments>
<requiredentries>0</requiredentries>
<requiredentriestoview>0</requiredentriestoview>
<maxentries>0</maxentries>
<rssarticles>0</rssarticles>
<approval>0</approval>
<manageapproved>1</manageapproved>
<defaultsortdir>0</defaultsortdir>
<defaultsort>0</defaultsort>
</settings>

<field>
<type>text</type>
<name>Titel</name>
<description>Titel für das Foto-Konzept</description>
<required>0</required>
</field>

<field>
<type>textarea</type>
<name>Personen</name>
<description>Wer soll auf dem Foto zu sehen sein?</description>
<required>0</required>
<param2>5</param2>
<param3>5</param3>
<param4>1</param4>
<param5>0</param5>
</field>

<field>
<type>textarea</type>
<name>Beschreibung</name>
<description>Beschreibe dein Foto-Konzept</description>
<required>0</required>
<param2>10</param2>
<param3>5</param3>
<param4>1</param4>
<param5>0</param5>
</field>

<field>
<type>picture</type>
<name>Beispiel oder Skizze</name>
<description>Lade ein Beispiel oder eine Skizze hoch</description>
<required>0</required>
<param2>600</param2>
<param3>0</param3>
<param4>200</param4>
</field>

<field>
<type>textarea</type>
<name>Hilfsmittel</name>
<description>Was für Hilfsmittel benötigst du? (Kostüm, Accessoires etc.)</description>
<required>0</required>
<param2>10</param2>
<param3>5</param3>
<param4>1</param4>
<param5>0</param5>
</field>

</preset>