<preset>

<settings>
<intro>&lt;p dir=&quot;ltr&quot; style=&quot;text-align: left;&quot;&gt;Dies ist eine Datenbank, die mehrere Datenbank-Vorlagen übersichtlich sammelt. Jede:r kann Datenbank-Vorlagen hinzufügen.&lt;/p&gt;</intro>
<comments>1</comments>
<requiredentries>0</requiredentries>
<requiredentriestoview>0</requiredentriestoview>
<maxentries>0</maxentries>
<rssarticles>0</rssarticles>
<approval>1</approval>
<manageapproved>1</manageapproved>
<defaultsortdir>0</defaultsortdir>
<defaultsort>0</defaultsort>
</settings>

<field>
<type>text</type>
<name>Titel</name>
<required>1</required>
</field>

<field>
<type>textarea</type>
<name>Beschreibung</name>
<required>0</required>
<param2>60</param2>
<param3>7</param3>
<param4>1</param4>
<param5>0</param5>
</field>

<field>
<type>url</type>
<name>Vorschau</name>
<required>0</required>
<param2>Link</param2>
<param3>1</param3>
</field>

<field>
<type>file</type>
<name>Vorlagensatz</name>
<required>0</required>
<param3>0</param3>
</field>

<field>
<type>picture</type>
<name>Screenshot</name>
<required>0</required>
<param3>0</param3>
</field>

</preset>