<preset>

<settings>
<intro></intro>
<comments>1</comments>
<requiredentries>0</requiredentries>
<requiredentriestoview>0</requiredentriestoview>
<maxentries>0</maxentries>
<rssarticles>0</rssarticles>
<approval>1</approval>
<manageapproved>1</manageapproved>
<defaultsortdir>0</defaultsortdir>
<defaultsort>0</defaultsort>
</settings>

<field>
<type>text</type>
<name>Titel</name>
<required>1</required>
</field>

<field>
<type>textarea</type>
<name>Beschreibung</name>
<required>0</required>
<param2>60</param2>
<param3>5</param3>
<param4>1</param4>
<param5>0</param5>
</field>

<field>
<type>text</type>
<name>Fächer/Schulbereich</name>
<required>0</required>
</field>

<field>
<type>url</type>
<name>Vorschau</name>
<required>1</required>
<param1>1</param1>
<param2>Link</param2>
<param3>1</param3>
</field>

<field>
<type>file</type>
<name>Vorlagensatz</name>
<required>0</required>
<param3>0</param3>
</field>

<field>
<type>textarea</type>
<name>Anmerkungen &amp; Hinweise</name>
<required>0</required>
<param2>60</param2>
<param3>15</param3>
<param4>1</param4>
<param5>0</param5>
</field>

</preset>