<preset>

<settings>
<intro></intro>
<comments>0</comments>
<requiredentries>0</requiredentries>
<requiredentriestoview>0</requiredentriestoview>
<maxentries>0</maxentries>
<rssarticles>0</rssarticles>
<approval>1</approval>
<manageapproved>1</manageapproved>
<defaultsortdir>0</defaultsortdir>
<defaultsort>0</defaultsort>
</settings>

<field>
<type>text</type>
<name>Titel des Projekts</name>
<required>1</required>
</field>

<field>
<type>text</type>
<name>Kategorie</name>
<required>0</required>
</field>

<field>
<type>text</type>
<name>Zielgruppe</name>
<required>1</required>
</field>

<field>
<type>textarea</type>
<name>Projektbeschreibung</name>
<required>1</required>
<param2>60</param2>
<param3>10</param3>
<param4>1</param4>
<param5>0</param5>
</field>

<field>
<type>text</type>
<name>Ort</name>
<required>1</required>
</field>

<field>
<type>textarea</type>
<name>Voraussetzungen der Teilnehmer:innen</name>
<required>0</required>
<param2>60</param2>
<param3>5</param3>
<param4>1</param4>
<param5>0</param5>
</field>

<field>
<type>number</type>
<name>Teilnehmerzahl</name>
<required>1</required>
</field>

</preset>