<preset>

<settings>
<intro>&lt;p dir=&quot;ltr&quot; style=&quot;text-align: left;&quot;&gt;Klickt auf &quot;Eintrag hinzufügen&quot;, um Bilder hinzuzufügen.&lt;/p&gt;</intro>
<comments>1</comments>
<requiredentries>0</requiredentries>
<requiredentriestoview>0</requiredentriestoview>
<maxentries>0</maxentries>
<rssarticles>0</rssarticles>
<approval>0</approval>
<manageapproved>1</manageapproved>
<defaultsortdir>0</defaultsortdir>
<defaultsort>0</defaultsort>
</settings>

<field>
<type>picture</type>
<name>image</name>
<required>0</required>
<param1>100%</param1>
<param2>100%</param2>
<param3>2097152</param3>
<param4>120</param4>
</field>

<field>
<type>text</type>
<name>title</name>
<required>0</required>
</field>

<field>
<type>text</type>
<name>caption</name>
<required>0</required>
</field>

<field>
<type>text</type>
<name>Titel</name>
<description>Titel für das Foto-Konzept</description>
<required>0</required>
</field>

<field>
<type>text</type>
<name>Name</name>
<required>0</required>
</field>

<field>
<type>picture</type>
<name>Foto</name>
<description>Lade dein Foto hoch!</description>
<required>0</required>
<param2>400</param2>
<param3>0</param3>
<param5>300</param5>
</field>

<field>
<type>textarea</type>
<name>Anmerkungen</name>
<required>0</required>
<param2>10</param2>
<param3>5</param3>
<param4>1</param4>
<param5>0</param5>
</field>

</preset>